score,percent,total
0-200,14.583333333333334,63
401-600,29.166666666666668,126
600-plus,3.4722222222222223,15
201-400,52.77777777777778,228
