score,percent,total
0-200,20.12987012987013,93
401-600,25.108225108225106,116
600-plus,1.7316017316017316,8
201-400,53.03030303030303,245
