year,per_tests,tests,total
1997-2001,6.8,238.0,35.0
2002-2006,4.22033898305,249.0,59.0
2007-2011,5.025,201.0,40.0
2012-2016,4.48979591837,220.0,49.0
