score,percent,total
0-200,17.48971193415638,85
401-600,32.30452674897119,157
600-plus,4.938271604938271,24
201-400,45.267489711934154,220
